set_type,n,mean,p10,p25,p50,p75,p90
high_ccs,200,0.636195,0.47619,0.5531,0.63815,0.712525,0.79458
low_ccs,200,0.638587,0.51181,0.56905,0.64775,0.714875,0.76865
