condition,n_noise,noise_rate,n,faith,halluc,sim
baseline,0.0,0.0,200,0.680252,0.155,0.5358
coherent_uninformative_noise,1.0,0.3333333333333333,197,0.667338,0.126904,0.525405
coherent_uninformative_noise,2.0,0.6666666666666666,197,0.658515,0.152284,0.501794
coherent_uninformative_noise,3.0,1.0,197,0.638522,0.137056,0.450318
hcpc_v1_refinement,,,200,0.679045,0.11,0.5669
random_noise,1.0,0.3333333333333333,200,0.674134,0.125,0.402512
random_noise,2.0,0.6666666666666666,200,0.637596,0.145,0.254744
random_noise,3.0,1.0,200,0.628406,0.1,0.081838
