dataset,condition,n,faithfulness,hallucination_rate,p99_latency_ms,mean_latency_ms,base_index_s,raptor_index_s,wall_clock_cost_per_1k_queries_s
hotpotqa,crag,200,0.642748,0.105,4254.93263,1940.647405,7.967,134.013,1940.647
hotpotqa,hcpc_v2,200,0.633429,0.125,5545.36782,2288.93797,7.967,134.013,2288.938
hotpotqa,raptor_2l,200,0.630825,0.13,5074.35391,2413.58222,7.967,134.013,2413.582
squad,crag,200,0.698205,0.12,5110.86747,1440.48778,8.01,175.354,1440.488
squad,hcpc_v2,200,0.708378,0.125,5399.50023,1719.94006,8.01,175.354,1719.94
squad,raptor_2l,200,0.710022,0.125,4441.73165,1713.704485,8.01,175.354,1713.704
