tune_dataset,tau,squad,pubmedqa,hotpotqa,naturalqs,triviaqa
pubmedqa,0.4,0.489289,1.452374,-0.290908,1.140084,0.46388
naturalqs,0.5,0.327021,0.663605,-0.470518,1.401456,0.322887
squad,0.3,0.822675,-1.714244,-0.111786,0.864512,0.398446
triviaqa,0.4,0.489289,1.452374,-0.290908,1.140084,0.46388
hotpotqa,0.3,0.822675,-1.714244,-0.111786,0.864512,0.398446
