dataset,seed,contrast,n_pairs,mean_diff,boot_ci95_lo,boot_ci95_hi,wilcoxon_stat,wilcoxon_p,cohens_dz
squad,44,baseline_minus_v1,500,0.020443,0.006755,0.033673,50880.0,0.008162895394421896,0.134147
squad,44,v2_minus_v1,500,0.019075,0.005402,0.032284,50408.5,0.008218883063177404,0.126494
squad,44,baseline_minus_v2,500,0.001369,-0.004011,0.006809,3666.0,0.8270768068666063,0.022105
squad,45,baseline_minus_v1,500,0.007287,-0.005987,0.020526,47151.0,0.20266272537236235,0.047531
squad,45,v2_minus_v1,500,0.012466,-0.001074,0.025602,48690.0,0.03578913172834681,0.081306
squad,45,baseline_minus_v2,500,-0.005178,-0.011122,0.000409,3310.0,0.12207587116542072,-0.078564
